{
  "5": {
    "mean": 8.001438,
    "std": 2.756531213709723
  },
  "6": {
    "mean": 11.668163,
    "std": 3.5057501059589216
  },
  "7": {
    "mean": 15.2384506,
    "std": 4.740526185072669
  },
  "8": {
    "mean": 18.3914748,
    "std": 5.959082100539052
  },
  "9": {
    "mean": 21.1110862,
    "std": 6.93843762356985
  },
  "10": {
    "mean": 23.4444232,
    "std": 7.689952822956841
  },
  "11": {
    "mean": 25.456301,
    "std": 8.249359914405428
  },
  "12": {
    "mean": 27.205394,
    "std": 8.659239995794321
  },
  "13": {
    "mean": 28.7186998,
    "std": 8.947696183793902
  },
  "14": {
    "mean": 30.0570576,
    "std": 9.160285608554045
  },
  "15": {
    "mean": 31.2376172,
    "std": 9.310014590013495
  },
  "16": {
    "mean": 32.2880726,
    "std": 9.408845719700652
  },
  "17": {
    "mean": 33.2350574,
    "std": 9.47010796235741
  },
  "18": {
    "mean": 34.08352,
    "std": 9.498333854397822
  },
  "19": {
    "mean": 34.855782,
    "std": 9.507231288260323
  },
  "20": {
    "mean": 35.5575204,
    "std": 9.494781166703302
  }
}